variante,tamanho_chunk,N,K,numero_threads,tempo
1,1,100000,20,1,0.148683
1,1,100000,20,1,0.147062
1,1,100000,20,1,0.147359
1,1,100000,20,1,0.149036
1,1,100000,20,1,0.148506
1,1,100000,20,2,0.078462
1,1,100000,20,2,0.078336
1,1,100000,20,2,0.078510
1,1,100000,20,2,0.078767
1,1,100000,20,2,0.078588
1,1,100000,20,4,0.080646
1,1,100000,20,4,0.079659
1,1,100000,20,4,0.079795
1,1,100000,20,4,0.080380
1,1,100000,20,4,0.079277
1,1,100000,20,8,0.080330
1,1,100000,20,8,0.085273
1,1,100000,20,8,0.079738
1,1,100000,20,8,0.080754
1,1,100000,20,8,0.081364
1,1,100000,20,16,0.079506
1,1,100000,20,16,0.080121
1,1,100000,20,16,0.093773
1,1,100000,20,16,0.092886
1,1,100000,20,16,0.094091
1,1,100000,24,1,1.105097
1,1,100000,24,1,0.910386
1,1,100000,24,1,0.918776
1,1,100000,24,1,1.103116
1,1,100000,24,1,0.932889
1,1,100000,24,2,0.481183
1,1,100000,24,2,0.500713
1,1,100000,24,2,0.575710
1,1,100000,24,2,0.578329
1,1,100000,24,2,0.516702
1,1,100000,24,4,0.471361
1,1,100000,24,4,0.473755
1,1,100000,24,4,0.501096
1,1,100000,24,4,0.552979
1,1,100000,24,4,0.550750
1,1,100000,24,8,0.552674
1,1,100000,24,8,0.554456
1,1,100000,24,8,0.556590
1,1,100000,24,8,0.484713
1,1,100000,24,8,0.474609
1,1,100000,24,16,0.473430
1,1,100000,24,16,0.531903
1,1,100000,24,16,0.556352
1,1,100000,24,16,0.556126
1,1,100000,24,16,0.482379
1,1,100000,28,1,5.355986
1,1,100000,28,1,5.832159
1,1,100000,28,1,5.470131
1,1,100000,28,1,5.372097
1,1,100000,28,1,5.962814
1,1,100000,28,2,3.074525
1,1,100000,28,2,3.099180
1,1,100000,28,2,3.074843
1,1,100000,28,2,3.263829
1,1,100000,28,2,3.113865
1,1,100000,28,4,3.321905
1,1,100000,28,4,3.317668
1,1,100000,28,4,3.324670
1,1,100000,28,4,3.314780
1,1,100000,28,4,3.314253
1,1,100000,28,8,3.355298
1,1,100000,28,8,3.335867
1,1,100000,28,8,3.333602
1,1,100000,28,8,3.388564
1,1,100000,28,8,3.335970
1,1,100000,28,16,3.324593
1,1,100000,28,16,3.338659
1,1,100000,28,16,3.326362
1,1,100000,28,16,3.324230
1,1,100000,28,16,3.334366
1,1,500000,20,1,0.856507
1,1,500000,20,1,0.737417
1,1,500000,20,1,0.735737
1,1,500000,20,1,0.736927
1,1,500000,20,1,0.768312
1,1,500000,20,2,0.477224
1,1,500000,20,2,0.473499
1,1,500000,20,2,0.468172
1,1,500000,20,2,0.395134
1,1,500000,20,2,0.402619
1,1,500000,20,4,0.389448
1,1,500000,20,4,0.411027
1,1,500000,20,4,0.459749
1,1,500000,20,4,0.455596
1,1,500000,20,4,0.483005
1,1,500000,20,8,0.459921
1,1,500000,20,8,0.464244
1,1,500000,20,8,0.460368
1,1,500000,20,8,0.455785
1,1,500000,20,8,0.463507
1,1,500000,20,16,0.462558
1,1,500000,20,16,0.457545
1,1,500000,20,16,0.460599
1,1,500000,20,16,0.456400
1,1,500000,20,16,0.455394
1,1,500000,24,1,4.720499
1,1,500000,24,1,4.425050
1,1,500000,24,1,4.769110
1,1,500000,24,1,4.688582
1,1,500000,24,1,4.829828
1,1,500000,24,2,2.537001
1,1,500000,24,2,2.778767
1,1,500000,24,2,2.526418
1,1,500000,24,2,2.776312
1,1,500000,24,2,2.802564
1,1,500000,24,4,2.740166
1,1,500000,24,4,2.742866
1,1,500000,24,4,2.740719
1,1,500000,24,4,2.757487
1,1,500000,24,4,2.753441
1,1,500000,24,8,2.742625
1,1,500000,24,8,2.794576
1,1,500000,24,8,2.482939
1,1,500000,24,8,2.750046
1,1,500000,24,8,2.752316
1,1,500000,24,16,2.766549
1,1,500000,24,16,2.745761
1,1,500000,24,16,2.753707
1,1,500000,24,16,2.759999
1,1,500000,24,16,2.748579
1,1,500000,28,1,29.706186
1,1,500000,28,1,26.732171
1,1,500000,28,1,28.459249
1,1,500000,28,1,29.527774
1,1,500000,28,1,29.436121
1,1,500000,28,2,15.705816
1,1,500000,28,2,16.188989
1,1,500000,28,2,16.541064
1,1,500000,28,2,16.499182
1,1,500000,28,2,16.445822
1,1,500000,28,4,16.574542
1,1,500000,28,4,16.587216
1,1,500000,28,4,16.586415
1,1,500000,28,4,16.611848
1,1,500000,28,4,16.598799
1,1,500000,28,8,16.598484
1,1,500000,28,8,16.648266
1,1,500000,28,8,16.689992
1,1,500000,28,8,16.595149
1,1,500000,28,8,16.615513
1,1,500000,28,16,16.613832
1,1,500000,28,16,16.605972
1,1,500000,28,16,16.625063
1,1,500000,28,16,16.614424
1,1,500000,28,16,16.602252
1,1,1000000,20,1,1.533912
1,1,1000000,20,1,1.471970
1,1,1000000,20,1,1.741186
1,1,1000000,20,1,1.500571
1,1,1000000,20,1,1.474455
1,1,1000000,20,2,0.886665
1,1,1000000,20,2,0.923272
1,1,1000000,20,2,0.929799
1,1,1000000,20,2,0.869738
1,1,1000000,20,2,0.807049
1,1,1000000,20,4,0.872260
1,1,1000000,20,4,0.956836
1,1,1000000,20,4,0.914319
1,1,1000000,20,4,0.912647
1,1,1000000,20,4,0.911843
1,1,1000000,20,8,0.911792
1,1,1000000,20,8,0.913986
1,1,1000000,20,8,0.922426
1,1,1000000,20,8,0.918266
1,1,1000000,20,8,0.910405
1,1,1000000,20,16,0.914995
1,1,1000000,20,16,0.927441
1,1,1000000,20,16,0.913318
1,1,1000000,20,16,0.910062
1,1,1000000,20,16,0.916155
1,1,1000000,24,1,8.937313
1,1,1000000,24,1,8.843638
1,1,1000000,24,1,9.739830
1,1,1000000,24,1,9.795593
1,1,1000000,24,1,9.868325
1,1,1000000,24,2,5.266153
1,1,1000000,24,2,5.280708
1,1,1000000,24,2,5.250537
1,1,1000000,24,2,5.573047
1,1,1000000,24,2,5.265591
1,1,1000000,24,4,5.506133
1,1,1000000,24,4,5.475875
1,1,1000000,24,4,5.487853
1,1,1000000,24,4,5.485880
1,1,1000000,24,4,5.507895
1,1,1000000,24,8,5.537810
1,1,1000000,24,8,5.513600
1,1,1000000,24,8,5.527212
1,1,1000000,24,8,5.239960
1,1,1000000,24,8,5.509153
1,1,1000000,24,16,5.489152
1,1,1000000,24,16,5.505969
1,1,1000000,24,16,5.500076
1,1,1000000,24,16,5.498248
1,1,1000000,24,16,5.491080
1,1,1000000,28,1,55.462838
1,1,1000000,28,1,58.247887
1,1,1000000,28,1,56.431582
1,1,1000000,28,1,59.230564
1,1,1000000,28,1,59.325507
1,1,1000000,28,2,31.111630
1,1,1000000,28,2,32.332719
1,1,1000000,28,2,32.898059
1,1,1000000,28,2,32.624706
1,1,1000000,28,2,46.969163
1,1,1000000,28,4,41.800765
1,1,1000000,28,4,33.509994
1,1,1000000,28,4,33.144407
1,1,1000000,28,4,33.121813
1,1,1000000,28,4,33.117318
1,1,1000000,28,8,32.956295
1,1,1000000,28,8,33.174667
1,1,1000000,28,8,33.252661
1,1,1000000,28,8,33.183403
1,1,1000000,28,8,33.176453
1,1,1000000,28,16,33.174762
1,1,1000000,28,16,33.177974
1,1,1000000,28,16,33.220692
1,1,1000000,28,16,33.389921
1,1,1000000,28,16,33.216435
2,1,100000,20,1,0.186854
2,1,100000,20,1,0.187014
2,1,100000,20,1,0.185501
2,1,100000,20,1,0.185777
2,1,100000,20,1,0.185522
2,1,100000,20,2,0.090262
2,1,100000,20,2,0.086054
2,1,100000,20,2,0.089057
2,1,100000,20,2,0.096949
2,1,100000,20,2,0.091750
2,1,100000,20,4,0.081331
2,1,100000,20,4,0.079632
2,1,100000,20,4,0.079414
2,1,100000,20,4,0.079330
2,1,100000,20,4,0.080225
2,1,100000,20,8,0.079538
2,1,100000,20,8,0.079399
2,1,100000,20,8,0.079056
2,1,100000,20,8,0.079515
2,1,100000,20,8,0.079286
2,1,100000,20,16,0.079089
2,1,100000,20,16,0.079463
2,1,100000,20,16,0.081459
2,1,100000,20,16,0.088357
2,1,100000,20,16,0.092715
2,1,100000,24,1,1.103758
2,1,100000,24,1,0.938789
2,1,100000,24,1,0.895695
2,1,100000,24,1,1.105579
2,1,100000,24,1,0.960266
2,1,100000,24,2,0.481773
2,1,100000,24,2,0.482718
2,1,100000,24,2,0.564583
2,1,100000,24,2,0.578546
2,1,100000,24,2,0.566940
2,1,100000,24,4,0.549530
2,1,100000,24,4,0.546705
2,1,100000,24,4,0.549136
2,1,100000,24,4,0.549421
2,1,100000,24,4,0.548527
2,1,100000,24,8,0.560761
2,1,100000,24,8,0.547901
2,1,100000,24,8,0.552791
2,1,100000,24,8,0.547838
2,1,100000,24,8,0.549718
2,1,100000,24,16,0.549672
2,1,100000,24,16,0.549381
2,1,100000,24,16,0.549419
2,1,100000,24,16,0.548735
2,1,100000,24,16,0.548944
2,1,100000,28,1,5.483223
2,1,100000,28,1,5.349652
2,1,100000,28,1,5.360896
2,1,100000,28,1,5.355088
2,1,100000,28,1,5.952345
2,1,100000,28,2,3.063592
2,1,100000,28,2,3.241534
2,1,100000,28,2,3.146284
2,1,100000,28,2,3.303134
2,1,100000,28,2,3.397865
2,1,100000,28,4,3.309336
2,1,100000,28,4,3.304768
2,1,100000,28,4,3.321024
2,1,100000,28,4,3.310672
2,1,100000,28,4,3.303032
2,1,100000,28,8,3.325827
2,1,100000,28,8,3.315387
2,1,100000,28,8,3.308812
2,1,100000,28,8,3.321419
2,1,100000,28,8,3.313550
2,1,100000,28,16,3.314343
2,1,100000,28,16,3.330014
2,1,100000,28,16,3.316037
2,1,100000,28,16,3.312867
2,1,100000,28,16,3.328238
2,1,500000,20,1,0.811426
2,1,500000,20,1,0.741391
2,1,500000,20,1,0.847427
2,1,500000,20,1,0.925559
2,1,500000,20,1,0.754624
2,1,500000,20,2,0.402754
2,1,500000,20,2,0.399364
2,1,500000,20,2,0.471851
2,1,500000,20,2,0.474953
2,1,500000,20,2,0.476326
2,1,500000,20,4,0.458124
2,1,500000,20,4,0.457795
2,1,500000,20,4,0.473766
2,1,500000,20,4,0.457818
2,1,500000,20,4,0.458538
2,1,500000,20,8,0.457583
2,1,500000,20,8,0.458231
2,1,500000,20,8,0.457350
2,1,500000,20,8,0.457559
2,1,500000,20,8,0.457854
2,1,500000,20,16,0.457772
2,1,500000,20,16,0.458078
2,1,500000,20,16,0.461316
2,1,500000,20,16,0.458355
2,1,500000,20,16,0.457835
2,1,500000,24,1,4.592471
2,1,500000,24,1,4.447201
2,1,500000,24,1,4.916277
2,1,500000,24,1,4.853915
2,1,500000,24,1,4.426507
2,1,500000,24,2,2.691476
2,1,500000,24,2,2.781969
2,1,500000,24,2,2.523943
2,1,500000,24,2,2.743942
2,1,500000,24,2,2.789585
2,1,500000,24,4,2.737646
2,1,500000,24,4,2.736533
2,1,500000,24,4,2.749213
2,1,500000,24,4,2.735647
2,1,500000,24,4,2.737389
2,1,500000,24,8,2.743824
2,1,500000,24,8,2.758040
2,1,500000,24,8,2.737780
2,1,500000,24,8,2.742906
2,1,500000,24,8,2.751989
2,1,500000,24,16,2.739182
2,1,500000,24,16,2.745019
2,1,500000,24,16,2.739624
2,1,500000,24,16,2.757288
2,1,500000,24,16,2.738902
2,1,500000,28,1,27.489852
2,1,500000,28,1,27.633495
2,1,500000,28,1,27.020567
2,1,500000,28,1,27.329852
2,1,500000,28,1,27.348598
2,1,500000,28,2,15.923509
2,1,500000,28,2,16.484919
2,1,500000,28,2,16.444171
2,1,500000,28,2,16.449293
2,1,500000,28,2,16.444739
2,1,500000,28,4,16.528440
2,1,500000,28,4,16.567449
2,1,500000,28,4,16.536427
2,1,500000,28,4,16.530740
2,1,500000,28,4,16.545285
2,1,500000,28,8,16.572415
2,1,500000,28,8,16.622705
2,1,500000,28,8,16.574443
2,1,500000,28,8,16.578791
2,1,500000,28,8,16.563056
2,1,500000,28,16,16.581811
2,1,500000,28,16,16.597057
2,1,500000,28,16,16.573104
2,1,500000,28,16,16.578583
2,1,500000,28,16,16.631985
2,1,1000000,20,1,1.601514
2,1,1000000,20,1,1.486799
2,1,1000000,20,1,1.488634
2,1,1000000,20,1,1.486666
2,1,1000000,20,1,1.485306
2,1,1000000,20,2,0.813625
2,1,1000000,20,2,0.958145
2,1,1000000,20,2,0.859936
2,1,1000000,20,2,0.789365
2,1,1000000,20,2,0.904761
2,1,1000000,20,4,0.913919
2,1,1000000,20,4,0.912965
2,1,1000000,20,4,0.918070
2,1,1000000,20,4,0.913348
2,1,1000000,20,4,0.913900
2,1,1000000,20,8,0.914057
2,1,1000000,20,8,0.915477
2,1,1000000,20,8,0.929435
2,1,1000000,20,8,0.914196
2,1,1000000,20,8,0.914264
2,1,1000000,20,16,0.914241
2,1,1000000,20,16,0.913620
2,1,1000000,20,16,0.915245
2,1,1000000,20,16,0.917576
2,1,1000000,20,16,0.915952
2,1,1000000,24,1,9.032373
2,1,1000000,24,1,8.863273
2,1,1000000,24,1,8.860525
2,1,1000000,24,1,8.853764
2,1,1000000,24,1,8.860130
2,1,1000000,24,2,5.427147
2,1,1000000,24,2,5.564837
2,1,1000000,24,2,5.274014
2,1,1000000,24,2,5.566247
2,1,1000000,24,2,5.280138
2,1,1000000,24,4,5.480714
2,1,1000000,24,4,5.464130
2,1,1000000,24,4,5.481333
2,1,1000000,24,4,5.483237
2,1,1000000,24,4,5.472044
2,1,1000000,24,8,5.490023
2,1,1000000,24,8,5.478854
2,1,1000000,24,8,5.491334
2,1,1000000,24,8,5.477863
2,1,1000000,24,8,5.489871
2,1,1000000,24,16,5.481055
2,1,1000000,24,16,5.492392
2,1,1000000,24,16,5.480860
2,1,1000000,24,16,5.500879
2,1,1000000,24,16,5.824897
2,1,1000000,28,1,53.548176
2,1,1000000,28,1,53.395244
2,1,1000000,28,1,59.294056
2,1,1000000,28,1,54.910727
2,1,1000000,28,1,58.136012
2,1,1000000,28,2,31.285589
2,1,1000000,28,2,32.257607
2,1,1000000,28,2,33.114184
2,1,1000000,28,2,32.839078
2,1,1000000,28,2,33.164827
2,1,1000000,28,4,33.073142
2,1,1000000,28,4,33.038054
2,1,1000000,28,4,33.050584
2,1,1000000,28,4,33.035354
2,1,1000000,28,4,33.029009
2,1,1000000,28,8,33.111646
2,1,1000000,28,8,33.113014
2,1,1000000,28,8,33.130834
2,1,1000000,28,8,33.177463
2,1,1000000,28,8,33.096704
2,1,1000000,28,16,33.134398
2,1,1000000,28,16,33.120630
2,1,1000000,28,16,33.120583
2,1,1000000,28,16,33.248446
2,1,1000000,28,16,33.142686
2,4,100000,20,1,0.186461
2,4,100000,20,1,0.184957
2,4,100000,20,1,0.189168
2,4,100000,20,1,0.184261
2,4,100000,20,1,0.177065
2,4,100000,20,2,0.081768
2,4,100000,20,2,0.090605
2,4,100000,20,2,0.086562
2,4,100000,20,2,0.088115
2,4,100000,20,2,0.088920
2,4,100000,20,4,0.079555
2,4,100000,20,4,0.081595
2,4,100000,20,4,0.079431
2,4,100000,20,4,0.079147
2,4,100000,20,4,0.078274
2,4,100000,20,8,0.079524
2,4,100000,20,8,0.078628
2,4,100000,20,8,0.078776
2,4,100000,20,8,0.078732
2,4,100000,20,8,0.078772
2,4,100000,20,16,0.079000
2,4,100000,20,16,0.078856
2,4,100000,20,16,0.079038
2,4,100000,20,16,0.091959
2,4,100000,20,16,0.092413
2,4,100000,24,1,1.105010
2,4,100000,24,1,0.930070
2,4,100000,24,1,0.884003
2,4,100000,24,1,0.883560
2,4,100000,24,1,0.883243
2,4,100000,24,2,0.467528
2,4,100000,24,2,0.467871
2,4,100000,24,2,0.512448
2,4,100000,24,2,0.562189
2,4,100000,24,2,0.574727
2,4,100000,24,4,0.562227
2,4,100000,24,4,0.547478
2,4,100000,24,4,0.548972
2,4,100000,24,4,0.546856
2,4,100000,24,4,0.548144
2,4,100000,24,8,0.546743
2,4,100000,24,8,0.547422
2,4,100000,24,8,0.546686
2,4,100000,24,8,0.547979
2,4,100000,24,8,0.550712
2,4,100000,24,16,0.548736
2,4,100000,24,16,0.548764
2,4,100000,24,16,0.547894
2,4,100000,24,16,0.551614
2,4,100000,24,16,0.546834
2,4,100000,28,1,5.550716
2,4,100000,28,1,5.657338
2,4,100000,28,1,5.336855
2,4,100000,28,1,5.337168
2,4,100000,28,1,5.347374
2,4,100000,28,2,3.119116
2,4,100000,28,2,3.360265
2,4,100000,28,2,3.349635
2,4,100000,28,2,3.355975
2,4,100000,28,2,3.357024
2,4,100000,28,4,3.300095
2,4,100000,28,4,3.304294
2,4,100000,28,4,3.363101
2,4,100000,28,4,3.299613
2,4,100000,28,4,3.310576
2,4,100000,28,8,3.320487
2,4,100000,28,8,3.303897
2,4,100000,28,8,3.313133
2,4,100000,28,8,3.318325
2,4,100000,28,8,3.306506
2,4,100000,28,16,3.311541
2,4,100000,28,16,3.323403
2,4,100000,28,16,3.305798
2,4,100000,28,16,3.315536
2,4,100000,28,16,3.321896
2,4,500000,20,1,0.868194
2,4,500000,20,1,0.735570
2,4,500000,20,1,0.735604
2,4,500000,20,1,0.736443
2,4,500000,20,1,0.735652
2,4,500000,20,2,0.401407
2,4,500000,20,2,0.396943
2,4,500000,20,2,0.399008
2,4,500000,20,2,0.436315
2,4,500000,20,2,0.471139
2,4,500000,20,4,0.455157
2,4,500000,20,4,0.456133
2,4,500000,20,4,0.454444
2,4,500000,20,4,0.455968
2,4,500000,20,4,0.454869
2,4,500000,20,8,0.454338
2,4,500000,20,8,0.469455
2,4,500000,20,8,0.454398
2,4,500000,20,8,0.455841
2,4,500000,20,8,0.454184
2,4,500000,20,16,0.455798
2,4,500000,20,16,0.454698
2,4,500000,20,16,0.457141
2,4,500000,20,16,0.454968
2,4,500000,20,16,0.454716
2,4,500000,24,1,4.728147
2,4,500000,24,1,4.415054
2,4,500000,24,1,4.743002
2,4,500000,24,1,4.707011
2,4,500000,24,1,4.808454
2,4,500000,24,2,2.515083
2,4,500000,24,2,2.754370
2,4,500000,24,2,2.491646
2,4,500000,24,2,2.770912
2,4,500000,24,2,2.539478
2,4,500000,24,4,2.693836
2,4,500000,24,4,2.731701
2,4,500000,24,4,2.731539
2,4,500000,24,4,2.743855
2,4,500000,24,4,2.728471
2,4,500000,24,8,2.735178
2,4,500000,24,8,2.731814
2,4,500000,24,8,2.747611
2,4,500000,24,8,2.736430
2,4,500000,24,8,2.730958
2,4,500000,24,16,2.755844
2,4,500000,24,16,2.733076
2,4,500000,24,16,2.738950
2,4,500000,24,16,2.735596
2,4,500000,24,16,2.748800
2,4,500000,28,1,26.766349
2,4,500000,28,1,26.676326
2,4,500000,28,1,26.800077
2,4,500000,28,1,26.890685
2,4,500000,28,1,26.706111
2,4,500000,28,2,16.291523
2,4,500000,28,2,16.426434
2,4,500000,28,2,16.479078
2,4,500000,28,2,16.726478
2,4,500000,28,2,16.173322
2,4,500000,28,4,16.533585
2,4,500000,28,4,16.530859
2,4,500000,28,4,16.519030
2,4,500000,28,4,16.520268
2,4,500000,28,4,16.555441
2,4,500000,28,8,16.545660
2,4,500000,28,8,16.557413
2,4,500000,28,8,16.603377
2,4,500000,28,8,16.561448
2,4,500000,28,8,16.574945
2,4,500000,28,16,16.553702
2,4,500000,28,16,16.569986
2,4,500000,28,16,16.579410
2,4,500000,28,16,16.555207
2,4,500000,28,16,16.564879
2,4,1000000,20,1,1.783555
2,4,1000000,20,1,1.553575
2,4,1000000,20,1,1.734871
2,4,1000000,20,1,1.483787
2,4,1000000,20,1,1.557335
2,4,1000000,20,2,0.936212
2,4,1000000,20,2,0.803330
2,4,1000000,20,2,0.783873
2,4,1000000,20,2,0.924073
2,4,1000000,20,2,0.890944
2,4,1000000,20,4,0.773568
2,4,1000000,20,4,0.821897
2,4,1000000,20,4,0.916782
2,4,1000000,20,4,0.908934
2,4,1000000,20,4,0.908344
2,4,1000000,20,8,0.908210
2,4,1000000,20,8,0.908274
2,4,1000000,20,8,0.911517
2,4,1000000,20,8,0.908883
2,4,1000000,20,8,0.913163
2,4,1000000,20,16,0.908950
2,4,1000000,20,16,0.908837
2,4,1000000,20,16,0.924297
2,4,1000000,20,16,0.908636
2,4,1000000,20,16,0.909636
2,4,1000000,24,1,9.144834
2,4,1000000,24,1,9.433511
2,4,1000000,24,1,9.743239
2,4,1000000,24,1,9.729671
2,4,1000000,24,1,9.844634
2,4,1000000,24,2,5.071883
2,4,1000000,24,2,5.171938
2,4,1000000,24,2,5.261988
2,4,1000000,24,2,5.259591
2,4,1000000,24,2,5.245918
2,4,1000000,24,4,5.471111
2,4,1000000,24,4,5.457848
2,4,1000000,24,4,5.478582
2,4,1000000,24,4,5.458084
2,4,1000000,24,4,5.475866
2,4,1000000,24,8,5.485063
2,4,1000000,24,8,5.478072
2,4,1000000,24,8,5.471352
2,4,1000000,24,8,5.480880
2,4,1000000,24,8,5.479018
2,4,1000000,24,16,5.470628
2,4,1000000,24,16,5.482263
2,4,1000000,24,16,5.467985
2,4,1000000,24,16,5.479968
2,4,1000000,24,16,5.471538
2,4,1000000,28,1,59.068139
2,4,1000000,28,1,56.427979
2,4,1000000,28,1,56.414707
2,4,1000000,28,1,57.085161
2,4,1000000,28,1,54.599466
2,4,1000000,28,2,31.372864
2,4,1000000,28,2,32.461839
2,4,1000000,28,2,32.570476
2,4,1000000,28,2,32.603362
2,4,1000000,28,2,32.641101
2,4,1000000,28,4,33.051421
2,4,1000000,28,4,33.049740
2,4,1000000,28,4,33.070917
2,4,1000000,28,4,33.062724
2,4,1000000,28,4,33.053571
2,4,1000000,28,8,33.129984
2,4,1000000,28,8,33.126565
2,4,1000000,28,8,33.127367
2,4,1000000,28,8,33.202184
2,4,1000000,28,8,33.115844
2,4,1000000,28,16,33.142574
2,4,1000000,28,16,33.145416
2,4,1000000,28,16,33.129582
2,4,1000000,28,16,33.196851
2,4,1000000,28,16,33.140196
2,16,100000,20,1,0.185399
2,16,100000,20,1,0.184255
2,16,100000,20,1,0.184161
2,16,100000,20,1,0.185160
2,16,100000,20,1,0.178803
2,16,100000,20,2,0.092589
2,16,100000,20,2,0.090018
2,16,100000,20,2,0.089685
2,16,100000,20,2,0.092451
2,16,100000,20,2,0.090746
2,16,100000,20,4,0.078915
2,16,100000,20,4,0.079877
2,16,100000,20,4,0.079477
2,16,100000,20,4,0.079142
2,16,100000,20,4,0.079037
2,16,100000,20,8,0.079948
2,16,100000,20,8,0.078672
2,16,100000,20,8,0.078914
2,16,100000,20,8,0.078849
2,16,100000,20,8,0.080607
2,16,100000,20,16,0.079118
2,16,100000,20,16,0.078981
2,16,100000,20,16,0.080167
2,16,100000,20,16,0.091714
2,16,100000,20,16,0.092061
2,16,100000,24,1,1.102956
2,16,100000,24,1,0.929040
2,16,100000,24,1,0.904772
2,16,100000,24,1,0.885206
2,16,100000,24,1,0.886994
2,16,100000,24,2,0.481447
2,16,100000,24,2,0.485593
2,16,100000,24,2,0.520836
2,16,100000,24,2,0.565747
2,16,100000,24,2,0.562148
2,16,100000,24,4,0.562879
2,16,100000,24,4,0.548293
2,16,100000,24,4,0.547646
2,16,100000,24,4,0.548743
2,16,100000,24,4,0.547456
2,16,100000,24,8,0.548234
2,16,100000,24,8,0.547791
2,16,100000,24,8,0.548186
2,16,100000,24,8,0.548213
2,16,100000,24,8,0.552614
2,16,100000,24,16,0.548996
2,16,100000,24,16,0.549332
2,16,100000,24,16,0.549555
2,16,100000,24,16,0.547723
2,16,100000,24,16,0.549450
2,16,100000,28,1,5.546833
2,16,100000,28,1,5.361192
2,16,100000,28,1,5.947050
2,16,100000,28,1,5.960090
2,16,100000,28,1,5.348668
2,16,100000,28,2,3.305281
2,16,100000,28,2,3.093363
2,16,100000,28,2,3.074739
2,16,100000,28,2,3.298954
2,16,100000,28,2,3.147662
2,16,100000,28,4,3.314317
2,16,100000,28,4,3.307614
2,16,100000,28,4,3.318221
2,16,100000,28,4,3.309887
2,16,100000,28,4,3.309121
2,16,100000,28,8,3.371624
2,16,100000,28,8,3.312516
2,16,100000,28,8,3.310725
2,16,100000,28,8,3.326553
2,16,100000,28,8,3.314355
2,16,100000,28,16,3.311784
2,16,100000,28,16,3.328328
2,16,100000,28,16,3.317693
2,16,100000,28,16,3.311569
2,16,100000,28,16,3.326401
2,16,500000,20,1,0.767999
2,16,500000,20,1,0.735043
2,16,500000,20,1,0.735976
2,16,500000,20,1,0.736710
2,16,500000,20,1,0.735806
2,16,500000,20,2,0.400913
2,16,500000,20,2,0.391695
2,16,500000,20,2,0.433984
2,16,500000,20,2,0.483150
2,16,500000,20,2,0.473295
2,16,500000,20,4,0.455458
2,16,500000,20,4,0.455103
2,16,500000,20,4,0.455649
2,16,500000,20,4,0.454002
2,16,500000,20,4,0.469978
2,16,500000,20,8,0.454784
2,16,500000,20,8,0.455927
2,16,500000,20,8,0.453666
2,16,500000,20,8,0.455304
2,16,500000,20,8,0.454384
2,16,500000,20,16,0.454663
2,16,500000,20,16,0.455014
2,16,500000,20,16,0.454816
2,16,500000,20,16,0.455835
2,16,500000,20,16,0.455197
2,16,500000,24,1,4.639570
2,16,500000,24,1,4.428542
2,16,500000,24,1,4.836592
2,16,500000,24,1,4.609404
2,16,500000,24,1,4.726446
2,16,500000,24,2,2.588992
2,16,500000,24,2,2.551086
2,16,500000,24,2,2.499609
2,16,500000,24,2,2.706761
2,16,500000,24,2,2.590932
2,16,500000,24,4,2.732117
2,16,500000,24,4,2.739167
2,16,500000,24,4,2.733026
2,16,500000,24,4,2.748692
2,16,500000,24,4,2.733431
2,16,500000,24,8,2.742273
2,16,500000,24,8,2.751923
2,16,500000,24,8,2.737074
2,16,500000,24,8,2.741622
2,16,500000,24,8,2.739931
2,16,500000,24,16,2.752541
2,16,500000,24,16,2.737726
2,16,500000,24,16,2.742702
2,16,500000,24,16,2.738587
2,16,500000,24,16,2.762585
2,16,500000,28,1,28.518391
2,16,500000,28,1,29.730747
2,16,500000,28,1,26.700109
2,16,500000,28,1,29.894758
2,16,500000,28,1,29.522729
2,16,500000,28,2,15.356287
2,16,500000,28,2,15.558568
2,16,500000,28,2,16.092479
2,16,500000,28,2,16.268445
2,16,500000,28,2,16.159502
2,16,500000,28,4,16.534813
2,16,500000,28,4,16.525817
2,16,500000,28,4,16.570346
2,16,500000,28,4,16.522061
2,16,500000,28,4,16.517586
2,16,500000,28,8,16.565059
2,16,500000,28,8,16.556051
2,16,500000,28,8,16.840674
2,16,500000,28,8,16.572212
2,16,500000,28,8,16.598093
2,16,500000,28,16,16.575137
2,16,500000,28,16,16.588668
2,16,500000,28,16,16.597925
2,16,500000,28,16,16.574227
2,16,500000,28,16,16.580600
2,16,1000000,20,1,1.593929
2,16,1000000,20,1,1.471900
2,16,1000000,20,1,1.685653
2,16,1000000,20,1,1.570368
2,16,1000000,20,1,1.756299
2,16,1000000,20,2,0.814301
2,16,1000000,20,2,0.793475
2,16,1000000,20,2,0.923536
2,16,1000000,20,2,0.895291
2,16,1000000,20,2,0.780505
2,16,1000000,20,4,0.816256
2,16,1000000,20,4,0.908545
2,16,1000000,20,4,0.907666
2,16,1000000,20,4,0.923106
2,16,1000000,20,4,0.909219
2,16,1000000,20,8,0.908859
2,16,1000000,20,8,0.907968
2,16,1000000,20,8,0.909024
2,16,1000000,20,8,0.911940
2,16,1000000,20,8,0.909038
2,16,1000000,20,16,0.907723
2,16,1000000,20,16,0.908525
2,16,1000000,20,16,0.908539
2,16,1000000,20,16,0.909465
2,16,1000000,20,16,0.922650
2,16,1000000,24,1,8.980354
2,16,1000000,24,1,8.843017
2,16,1000000,24,1,9.732753
2,16,1000000,24,1,9.019012
2,16,1000000,24,1,9.267849
2,16,1000000,24,2,5.164918
2,16,1000000,24,2,5.265117
2,16,1000000,24,2,5.258065
2,16,1000000,24,2,4.968816
2,16,1000000,24,2,5.277863
2,16,1000000,24,4,5.462745
2,16,1000000,24,4,5.478927
2,16,1000000,24,4,5.466724
2,16,1000000,24,4,5.478951
2,16,1000000,24,4,5.469286
2,16,1000000,24,8,5.496549
2,16,1000000,24,8,5.484969
2,16,1000000,24,8,5.476362
2,16,1000000,24,8,5.486002
2,16,1000000,24,8,5.482146
2,16,1000000,24,16,5.493055
2,16,1000000,24,16,5.480601
2,16,1000000,24,16,5.488273
2,16,1000000,24,16,5.481452
2,16,1000000,24,16,5.487330
2,16,1000000,28,1,58.999504
2,16,1000000,28,1,57.359699
2,16,1000000,28,1,57.939591
2,16,1000000,28,1,53.434616
2,16,1000000,28,1,53.707043
2,16,1000000,28,2,31.515962
2,16,1000000,28,2,31.744796
2,16,1000000,28,2,32.608496
2,16,1000000,28,2,32.342828
2,16,1000000,28,2,32.345025
2,16,1000000,28,4,33.052129
2,16,1000000,28,4,33.059078
2,16,1000000,28,4,33.067172
2,16,1000000,28,4,33.057578
2,16,1000000,28,4,33.405395
2,16,1000000,28,8,33.102063
2,16,1000000,28,8,33.112059
2,16,1000000,28,8,33.326846
2,16,1000000,28,8,33.221686
2,16,1000000,28,8,33.110572
2,16,1000000,28,16,33.161708
2,16,1000000,28,16,33.128289
2,16,1000000,28,16,33.142783
2,16,1000000,28,16,33.203454
2,16,1000000,28,16,33.141003
2,64,100000,20,1,0.184280
2,64,100000,20,1,0.183363
2,64,100000,20,1,0.183740
2,64,100000,20,1,0.204802
2,64,100000,20,1,0.184854
2,64,100000,20,2,0.105440
2,64,100000,20,2,0.105290
2,64,100000,20,2,0.103389
2,64,100000,20,2,0.102963
2,64,100000,20,2,0.106999
2,64,100000,20,4,0.078897
2,64,100000,20,4,0.079023
2,64,100000,20,4,0.079435
2,64,100000,20,4,0.080664
2,64,100000,20,4,0.079596
2,64,100000,20,8,0.078791
2,64,100000,20,8,0.079874
2,64,100000,20,8,0.078736
2,64,100000,20,8,0.078978
2,64,100000,20,8,0.080541
2,64,100000,20,16,0.078941
2,64,100000,20,16,0.080086
2,64,100000,20,16,0.078988
2,64,100000,20,16,0.078999
2,64,100000,20,16,0.078949
2,64,100000,24,1,1.033232
2,64,100000,24,1,1.041608
2,64,100000,24,1,0.884614
2,64,100000,24,1,0.887920
2,64,100000,24,1,0.892544
2,64,100000,24,2,0.475624
2,64,100000,24,2,0.483507
2,64,100000,24,2,0.473675
2,64,100000,24,2,0.527672
2,64,100000,24,2,0.568197
2,64,100000,24,4,0.548794
2,64,100000,24,4,0.553995
2,64,100000,24,4,0.547534
2,64,100000,24,4,0.550203
2,64,100000,24,4,0.548171
2,64,100000,24,8,0.549242
2,64,100000,24,8,0.547885
2,64,100000,24,8,0.551938
2,64,100000,24,8,0.548348
2,64,100000,24,8,0.549474
2,64,100000,24,16,0.563860
2,64,100000,24,16,0.548233
2,64,100000,24,16,0.550259
2,64,100000,24,16,0.548227
2,64,100000,24,16,0.549498
2,64,100000,28,1,5.958382
2,64,100000,28,1,5.347869
2,64,100000,28,1,5.350202
2,64,100000,28,1,5.347473
2,64,100000,28,1,5.350952
2,64,100000,28,2,3.078782
2,64,100000,28,2,3.091161
2,64,100000,28,2,3.354353
2,64,100000,28,2,3.095114
2,64,100000,28,2,3.358526
2,64,100000,28,4,3.303584
2,64,100000,28,4,3.322764
2,64,100000,28,4,3.313008
2,64,100000,28,4,3.309626
2,64,100000,28,4,3.320703
2,64,100000,28,8,3.315094
2,64,100000,28,8,3.313675
2,64,100000,28,8,3.370187
2,64,100000,28,8,3.315500
2,64,100000,28,8,3.314383
2,64,100000,28,16,3.329257
2,64,100000,28,16,3.316824
2,64,100000,28,16,3.310701
2,64,100000,28,16,3.327895
2,64,100000,28,16,3.318602
2,64,500000,20,1,0.916412
2,64,500000,20,1,0.834165
2,64,500000,20,1,0.734659
2,64,500000,20,1,0.735509
2,64,500000,20,1,0.735597
2,64,500000,20,2,0.397001
2,64,500000,20,2,0.464698
2,64,500000,20,2,0.472212
2,64,500000,20,2,0.475955
2,64,500000,20,2,0.429788
2,64,500000,20,4,0.387526
2,64,500000,20,4,0.387892
2,64,500000,20,4,0.387619
2,64,500000,20,4,0.430347
2,64,500000,20,4,0.454682
2,64,500000,20,8,0.455285
2,64,500000,20,8,0.453704
2,64,500000,20,8,0.458626
2,64,500000,20,8,0.454345
2,64,500000,20,8,0.455485
2,64,500000,20,16,0.454676
2,64,500000,20,16,0.453750
2,64,500000,20,16,0.455529
2,64,500000,20,16,0.454656
2,64,500000,20,16,0.455582
2,64,500000,24,1,4.573522
2,64,500000,24,1,4.431208
2,64,500000,24,1,4.928383
2,64,500000,24,1,4.843219
2,64,500000,24,1,4.728046
2,64,500000,24,2,2.476204
2,64,500000,24,2,2.694439
2,64,500000,24,2,2.595826
2,64,500000,24,2,2.512032
2,64,500000,24,2,2.660263
2,64,500000,24,4,2.580265
2,64,500000,24,4,2.748499
2,64,500000,24,4,2.731791
2,64,500000,24,4,2.739172
2,64,500000,24,4,2.736795
2,64,500000,24,8,2.753030
2,64,500000,24,8,2.737403
2,64,500000,24,8,2.741852
2,64,500000,24,8,2.737370
2,64,500000,24,8,2.752758
2,64,500000,24,16,2.738701
2,64,500000,24,16,2.745612
2,64,500000,24,16,2.753836
2,64,500000,24,16,2.741634
2,64,500000,24,16,2.743516
2,64,500000,28,1,27.841985
2,64,500000,28,1,29.722100
2,64,500000,28,1,28.431404
2,64,500000,28,1,29.227378
2,64,500000,28,1,26.724184
2,64,500000,28,2,15.466386
2,64,500000,28,2,15.892498
2,64,500000,28,2,15.952985
2,64,500000,28,2,15.898988
2,64,500000,28,2,16.172982
2,64,500000,28,4,16.547180
2,64,500000,28,4,16.555334
2,64,500000,28,4,16.532381
2,64,500000,28,4,16.541786
2,64,500000,28,4,16.534807
2,64,500000,28,8,16.580734
2,64,500000,28,8,16.574492
2,64,500000,28,8,16.622972
2,64,500000,28,8,16.589575
2,64,500000,28,8,16.575309
2,64,500000,28,16,16.571704
2,64,500000,28,16,16.590030
2,64,500000,28,16,16.585425
2,64,500000,28,16,17.061081
2,64,500000,28,16,16.574010
2,64,1000000,20,1,1.598696
2,64,1000000,20,1,1.682925
2,64,1000000,20,1,1.577748
2,64,1000000,20,1,1.733483
2,64,1000000,20,1,1.502135
2,64,1000000,20,2,0.791886
2,64,1000000,20,2,0.777940
2,64,1000000,20,2,0.904889
2,64,1000000,20,2,0.902642
2,64,1000000,20,2,0.783469
2,64,1000000,20,4,0.805947
2,64,1000000,20,4,0.928391
2,64,1000000,20,4,0.914479
2,64,1000000,20,4,0.925328
2,64,1000000,20,4,0.908969
2,64,1000000,20,8,0.906207
2,64,1000000,20,8,0.906847
2,64,1000000,20,8,0.914830
2,64,1000000,20,8,0.907293
2,64,1000000,20,8,0.906053
2,64,1000000,20,16,0.906686
2,64,1000000,20,16,0.906890
2,64,1000000,20,16,0.921379
2,64,1000000,20,16,0.907459
2,64,1000000,20,16,0.907242
2,64,1000000,24,1,8.989236
2,64,1000000,24,1,9.733830
2,64,1000000,24,1,9.797463
2,64,1000000,24,1,9.874831
2,64,1000000,24,1,8.923602
2,64,1000000,24,2,5.134346
2,64,1000000,24,2,4.967839
2,64,1000000,24,2,5.257417
2,64,1000000,24,2,5.259748
2,64,1000000,24,2,5.252844
2,64,1000000,24,4,5.473587
2,64,1000000,24,4,5.464573
2,64,1000000,24,4,5.473382
2,64,1000000,24,4,5.472361
2,64,1000000,24,4,5.475084
2,64,1000000,24,8,5.471879
2,64,1000000,24,8,5.482854
2,64,1000000,24,8,5.471931
2,64,1000000,24,8,5.476766
2,64,1000000,24,8,5.489465
2,64,1000000,24,16,5.470932
2,64,1000000,24,16,5.483243
2,64,1000000,24,16,5.469491
2,64,1000000,24,16,5.480249
2,64,1000000,24,16,5.470851
2,64,1000000,28,1,59.313534
2,64,1000000,28,1,54.305021
2,64,1000000,28,1,58.251512
2,64,1000000,28,1,57.603332
2,64,1000000,28,1,56.736331
2,64,1000000,28,2,30.634561
2,64,1000000,28,2,31.776124
2,64,1000000,28,2,32.816155
2,64,1000000,28,2,32.318036
2,64,1000000,28,2,47.337170
2,64,1000000,28,4,40.220178
2,64,1000000,28,4,35.270446
2,64,1000000,28,4,33.068457
2,64,1000000,28,4,33.051856
2,64,1000000,28,4,33.056688
2,64,1000000,28,8,33.110228
2,64,1000000,28,8,33.455703
2,64,1000000,28,8,33.230843
2,64,1000000,28,8,33.134053
2,64,1000000,28,8,33.127856
2,64,1000000,28,16,33.155809
2,64,1000000,28,16,33.141546
2,64,1000000,28,16,33.204852
2,64,1000000,28,16,33.155302
2,64,1000000,28,16,33.152438
3,1,100000,20,1,0.183657
3,1,100000,20,1,0.183461
3,1,100000,20,1,0.184282
3,1,100000,20,1,0.183972
3,1,100000,20,1,0.159695
3,1,100000,20,2,0.090169
3,1,100000,20,2,0.088124
3,1,100000,20,2,0.078552
3,1,100000,20,2,0.086798
3,1,100000,20,2,0.093036
3,1,100000,20,4,0.079678
3,1,100000,20,4,0.078309
3,1,100000,20,4,0.079650
3,1,100000,20,4,0.079122
3,1,100000,20,4,0.079037
3,1,100000,20,8,0.082136
3,1,100000,20,8,0.081886
3,1,100000,20,8,0.082012
3,1,100000,20,8,0.081529
3,1,100000,20,8,0.080263
3,1,100000,20,16,0.079467
3,1,100000,20,16,0.079300
3,1,100000,20,16,0.093185
3,1,100000,20,16,0.094481
3,1,100000,20,16,0.094186
3,1,100000,24,1,1.101941
3,1,100000,24,1,0.911674
3,1,100000,24,1,0.919114
3,1,100000,24,1,1.108003
3,1,100000,24,1,0.931110
3,1,100000,24,2,0.478583
3,1,100000,24,2,0.501730
3,1,100000,24,2,0.567938
3,1,100000,24,2,0.568912
3,1,100000,24,2,0.515382
3,1,100000,24,4,0.466557
3,1,100000,24,4,0.471121
3,1,100000,24,4,0.495437
3,1,100000,24,4,0.548786
3,1,100000,24,4,0.547696
3,1,100000,24,8,0.560695
3,1,100000,24,8,0.556696
3,1,100000,24,8,0.547983
3,1,100000,24,8,0.563257
3,1,100000,24,8,0.554294
3,1,100000,24,16,0.549629
3,1,100000,24,16,0.551029
3,1,100000,24,16,0.556966
3,1,100000,24,16,0.552467
3,1,100000,24,16,0.557726
3,1,100000,28,1,5.505300
3,1,100000,28,1,5.951928
3,1,100000,28,1,5.911552
3,1,100000,28,1,5.396370
3,1,100000,28,1,5.948385
3,1,100000,28,2,3.081755
3,1,100000,28,2,3.073332
3,1,100000,28,2,3.191462
3,1,100000,28,2,3.067072
3,1,100000,28,2,3.202074
3,1,100000,28,4,3.226531
3,1,100000,28,4,3.326017
3,1,100000,28,4,3.311929
3,1,100000,28,4,3.320550
3,1,100000,28,4,3.307960
3,1,100000,28,8,3.348682
3,1,100000,28,8,3.319434
3,1,100000,28,8,3.309378
3,1,100000,28,8,3.347559
3,1,100000,28,8,3.326964
3,1,100000,28,16,3.323429
3,1,100000,28,16,3.327058
3,1,100000,28,16,3.339416
3,1,100000,28,16,3.314073
3,1,100000,28,16,3.313274
3,1,500000,20,1,0.916473
3,1,500000,20,1,0.799834
3,1,500000,20,1,0.741667
3,1,500000,20,1,0.735358
3,1,500000,20,1,0.737824
3,1,500000,20,2,0.403946
3,1,500000,20,2,0.475245
3,1,500000,20,2,0.472756
3,1,500000,20,2,0.471571
3,1,500000,20,2,0.403280
3,1,500000,20,4,0.388484
3,1,500000,20,4,0.391259
3,1,500000,20,4,0.392546
3,1,500000,20,4,0.454783
3,1,500000,20,4,0.455280
3,1,500000,20,8,0.466959
3,1,500000,20,8,0.455255
3,1,500000,20,8,0.457446
3,1,500000,20,8,0.454384
3,1,500000,20,8,0.462255
3,1,500000,20,16,0.460677
3,1,500000,20,16,0.462005
3,1,500000,20,16,0.459739
3,1,500000,20,16,0.475881
3,1,500000,20,16,0.457202
3,1,500000,24,1,4.540095
3,1,500000,24,1,4.421787
3,1,500000,24,1,4.738829
3,1,500000,24,1,4.420182
3,1,500000,24,1,4.949976
3,1,500000,24,2,2.507405
3,1,500000,24,2,2.491031
3,1,500000,24,2,2.588695
3,1,500000,24,2,2.703823
3,1,500000,24,2,2.496651
3,1,500000,24,4,2.737896
3,1,500000,24,4,2.748286
3,1,500000,24,4,2.734869
3,1,500000,24,4,2.743083
3,1,500000,24,4,2.748624
3,1,500000,24,8,2.754148
3,1,500000,24,8,2.477825
3,1,500000,24,8,2.737743
3,1,500000,24,8,2.780661
3,1,500000,24,8,2.768880
3,1,500000,24,16,2.752032
3,1,500000,24,16,2.747030
3,1,500000,24,16,2.766659
3,1,500000,24,16,2.770410
3,1,500000,24,16,2.745488
3,1,500000,28,1,29.716667
3,1,500000,28,1,27.661044
3,1,500000,28,1,29.737974
3,1,500000,28,1,28.506449
3,1,500000,28,1,29.471491
3,1,500000,28,2,15.328068
3,1,500000,28,2,15.608743
3,1,500000,28,2,15.793666
3,1,500000,28,2,16.402910
3,1,500000,28,2,16.463473
3,1,500000,28,4,16.560986
3,1,500000,28,4,16.574104
3,1,500000,28,4,16.542676
3,1,500000,28,4,16.532480
3,1,500000,28,4,16.539204
3,1,500000,28,8,16.573242
3,1,500000,28,8,16.624309
3,1,500000,28,8,16.576289
3,1,500000,28,8,16.576370
3,1,500000,28,8,16.561376
3,1,500000,28,16,16.603249
3,1,500000,28,16,16.628388
3,1,500000,28,16,16.598053
3,1,500000,28,16,16.561792
3,1,500000,28,16,16.615501
3,1,1000000,20,1,1.674351
3,1,1000000,20,1,1.609340
3,1,1000000,20,1,1.625553
3,1,1000000,20,1,1.661995
3,1,1000000,20,1,1.577270
3,1,1000000,20,2,0.834344
3,1,1000000,20,2,0.955139
3,1,1000000,20,2,0.819450
3,1,1000000,20,2,0.786132
3,1,1000000,20,2,0.900407
3,1,1000000,20,4,0.908065
3,1,1000000,20,4,0.912364
3,1,1000000,20,4,0.911362
3,1,1000000,20,4,0.907541
3,1,1000000,20,4,0.907198
3,1,1000000,20,8,0.932529
3,1,1000000,20,8,0.920075
3,1,1000000,20,8,0.928075
3,1,1000000,20,8,0.929356
3,1,1000000,20,8,0.804765
3,1,1000000,20,16,0.773035
3,1,1000000,20,16,0.894091
3,1,1000000,20,16,0.917147
3,1,1000000,20,16,0.910884
3,1,1000000,20,16,0.908979
3,1,1000000,24,1,9.026236
3,1,1000000,24,1,8.869852
3,1,1000000,24,1,9.730264
3,1,1000000,24,1,9.436214
3,1,1000000,24,1,9.742099
3,1,1000000,24,2,5.145242
3,1,1000000,24,2,5.087742
3,1,1000000,24,2,5.214545
3,1,1000000,24,2,5.163092
3,1,1000000,24,2,5.145969
3,1,1000000,24,4,5.549850
3,1,1000000,24,4,5.626275
3,1,1000000,24,4,5.501384
3,1,1000000,24,4,5.481835
3,1,1000000,24,4,5.470537
3,1,1000000,24,8,5.486617
3,1,1000000,24,8,5.499083
3,1,1000000,24,8,5.490775
3,1,1000000,24,8,5.565069
3,1,1000000,24,8,5.485551
3,1,1000000,24,16,5.503189
3,1,1000000,24,16,5.486375
3,1,1000000,24,16,5.495233
3,1,1000000,24,16,5.507718
3,1,1000000,24,16,5.497019
3,1,1000000,28,1,59.398874
3,1,1000000,28,1,57.962171
3,1,1000000,28,1,58.297619
3,1,1000000,28,1,58.156647
3,1,1000000,28,1,54.313361
3,1,1000000,28,2,30.888317
3,1,1000000,28,2,31.758476
3,1,1000000,28,2,32.045091
3,1,1000000,28,2,32.111309
3,1,1000000,28,2,32.533106
3,1,1000000,28,4,32.879841
3,1,1000000,28,4,33.063868
3,1,1000000,28,4,33.061745
3,1,1000000,28,4,33.057210
3,1,1000000,28,4,33.077955
3,1,1000000,28,8,33.134429
3,1,1000000,28,8,33.147756
3,1,1000000,28,8,33.152850
3,1,1000000,28,8,33.155782
3,1,1000000,28,8,33.143157
3,1,1000000,28,16,33.133009
3,1,1000000,28,16,33.473677
3,1,1000000,28,16,33.379417
3,1,1000000,28,16,33.157058
3,1,1000000,28,16,33.161594
3,4,100000,20,1,0.184959
3,4,100000,20,1,0.183654
3,4,100000,20,1,0.183450
3,4,100000,20,1,0.183808
3,4,100000,20,1,0.183292
3,4,100000,20,2,0.101209
3,4,100000,20,2,0.106166
3,4,100000,20,2,0.101521
3,4,100000,20,2,0.106410
3,4,100000,20,2,0.100943
3,4,100000,20,4,0.078810
3,4,100000,20,4,0.078744
3,4,100000,20,4,0.079046
3,4,100000,20,4,0.079557
3,4,100000,20,4,0.080190
3,4,100000,20,8,0.081280
3,4,100000,20,8,0.080291
3,4,100000,20,8,0.082201
3,4,100000,20,8,0.080863
3,4,100000,20,8,0.081649
3,4,100000,20,16,0.080936
3,4,100000,20,16,0.081616
3,4,100000,20,16,0.079198
3,4,100000,20,16,0.079289
3,4,100000,20,16,0.079617
3,4,100000,24,1,1.040651
3,4,100000,24,1,1.031652
3,4,100000,24,1,0.887226
3,4,100000,24,1,0.885111
3,4,100000,24,1,0.886000
3,4,100000,24,2,0.477682
3,4,100000,24,2,0.474263
3,4,100000,24,2,0.480082
3,4,100000,24,2,0.540008
3,4,100000,24,2,0.583221
3,4,100000,24,4,0.549638
3,4,100000,24,4,0.548903
3,4,100000,24,4,0.547707
3,4,100000,24,4,0.548086
3,4,100000,24,4,0.548930
3,4,100000,24,8,0.567661
3,4,100000,24,8,0.565588
3,4,100000,24,8,0.559320
3,4,100000,24,8,0.555127
3,4,100000,24,8,0.552990
3,4,100000,24,16,0.565790
3,4,100000,24,16,0.549293
3,4,100000,24,16,0.548259
3,4,100000,24,16,0.550375
3,4,100000,24,16,0.558576
3,4,100000,28,1,5.624030
3,4,100000,28,1,5.364126
3,4,100000,28,1,5.372402
3,4,100000,28,1,5.337764
3,4,100000,28,1,5.346238
3,4,100000,28,2,3.067142
3,4,100000,28,2,3.300134
3,4,100000,28,2,3.087667
3,4,100000,28,2,3.311203
3,4,100000,28,2,3.131491
3,4,100000,28,4,3.361855
3,4,100000,28,4,3.322885
3,4,100000,28,4,3.314777
3,4,100000,28,4,3.323837
3,4,100000,28,4,3.303885
3,4,100000,28,8,3.330779
3,4,100000,28,8,3.341467
3,4,100000,28,8,3.316116
3,4,100000,28,8,3.321647
3,4,100000,28,8,3.357034
3,4,100000,28,16,3.313129
3,4,100000,28,16,3.316498
3,4,100000,28,16,3.325169
3,4,100000,28,16,3.311719
3,4,100000,28,16,3.317747
3,4,500000,20,1,0.754118
3,4,500000,20,1,0.756085
3,4,500000,20,1,0.739552
3,4,500000,20,1,0.737995
3,4,500000,20,1,0.736618
3,4,500000,20,2,0.395636
3,4,500000,20,2,0.438111
3,4,500000,20,2,0.448400
3,4,500000,20,2,0.476134
3,4,500000,20,2,0.472687
3,4,500000,20,4,0.421392
3,4,500000,20,4,0.386303
3,4,500000,20,4,0.393584
3,4,500000,20,4,0.387205
3,4,500000,20,4,0.429854
3,4,500000,20,8,0.468505
3,4,500000,20,8,0.464056
3,4,500000,20,8,0.466988
3,4,500000,20,8,0.468586
3,4,500000,20,8,0.465743
3,4,500000,20,16,0.458772
3,4,500000,20,16,0.463008
3,4,500000,20,16,0.459750
3,4,500000,20,16,0.473790
3,4,500000,20,16,0.461409
3,4,500000,24,1,4.950311
3,4,500000,24,1,4.425447
3,4,500000,24,1,4.417484
3,4,500000,24,1,4.858664
3,4,500000,24,1,4.582389
3,4,500000,24,2,2.592329
3,4,500000,24,2,2.548223
3,4,500000,24,2,2.631011
3,4,500000,24,2,2.589329
3,4,500000,24,2,2.561781
3,4,500000,24,4,2.735244
3,4,500000,24,4,2.749179
3,4,500000,24,4,2.740667
3,4,500000,24,4,2.738525
3,4,500000,24,4,2.749652
3,4,500000,24,8,2.769891
3,4,500000,24,8,2.493633
3,4,500000,24,8,2.734330
3,4,500000,24,8,2.752637
3,4,500000,24,8,2.790292
3,4,500000,24,16,2.743296
3,4,500000,24,16,2.748737
3,4,500000,24,16,2.765520
3,4,500000,24,16,2.742948
3,4,500000,24,16,2.738971
3,4,500000,28,1,29.500807
3,4,500000,28,1,28.473214
3,4,500000,28,1,28.039120
3,4,500000,28,1,29.173594
3,4,500000,28,1,29.523912
3,4,500000,28,2,15.338323
3,4,500000,28,2,15.421902
3,4,500000,28,2,15.847224
3,4,500000,28,2,16.469446
3,4,500000,28,2,16.205707
3,4,500000,28,4,16.536996
3,4,500000,28,4,16.543005
3,4,500000,28,4,16.557328
3,4,500000,28,4,16.530790
3,4,500000,28,4,16.546630
3,4,500000,28,8,16.636418
3,4,500000,28,8,16.351446
3,4,500000,28,8,16.678698
3,4,500000,28,8,16.639140
3,4,500000,28,8,16.612426
3,4,500000,28,16,16.581216
3,4,500000,28,16,16.614697
3,4,500000,28,16,16.300699
3,4,500000,28,16,16.603652
3,4,500000,28,16,16.625606
3,4,1000000,20,1,1.643119
3,4,1000000,20,1,1.480925
3,4,1000000,20,1,1.640577
3,4,1000000,20,1,1.607823
3,4,1000000,20,1,1.476669
3,4,1000000,20,2,0.811123
3,4,1000000,20,2,0.935582
3,4,1000000,20,2,0.868231
3,4,1000000,20,2,0.785156
3,4,1000000,20,2,0.876178
3,4,1000000,20,4,0.910592
3,4,1000000,20,4,0.910549
3,4,1000000,20,4,0.913915
3,4,1000000,20,4,0.908630
3,4,1000000,20,4,0.910522
3,4,1000000,20,8,0.909705
3,4,1000000,20,8,0.918045
3,4,1000000,20,8,0.929086
3,4,1000000,20,8,0.938718
3,4,1000000,20,8,0.919243
3,4,1000000,20,16,0.912263
3,4,1000000,20,16,0.912874
3,4,1000000,20,16,0.915623
3,4,1000000,20,16,0.917231
3,4,1000000,20,16,0.914307
3,4,1000000,24,1,9.012094
3,4,1000000,24,1,9.746200
3,4,1000000,24,1,8.822134
3,4,1000000,24,1,9.471318
3,4,1000000,24,1,9.736700
3,4,1000000,24,2,5.023816
3,4,1000000,24,2,5.285067
3,4,1000000,24,2,5.184141
3,4,1000000,24,2,5.354168
3,4,1000000,24,2,5.266076
3,4,1000000,24,4,5.472096
3,4,1000000,24,4,5.486966
3,4,1000000,24,4,5.474901
3,4,1000000,24,4,5.484278
3,4,1000000,24,4,5.473834
3,4,1000000,24,8,5.821839
3,4,1000000,24,8,5.473322
3,4,1000000,24,8,5.480955
3,4,1000000,24,8,5.513311
3,4,1000000,24,8,5.479215
3,4,1000000,24,16,5.470120
3,4,1000000,24,16,5.493117
3,4,1000000,24,16,5.481537
3,4,1000000,24,16,5.476183
3,4,1000000,24,16,5.479617
3,4,1000000,28,1,53.563771
3,4,1000000,28,1,53.905134
3,4,1000000,28,1,53.425748
3,4,1000000,28,1,53.433230
3,4,1000000,28,1,54.329275
3,4,1000000,28,2,31.672546
3,4,1000000,28,2,32.024506
3,4,1000000,28,2,32.971829
3,4,1000000,28,2,32.586337
3,4,1000000,28,2,32.368564
3,4,1000000,28,4,33.048985
3,4,1000000,28,4,33.051610
3,4,1000000,28,4,33.054467
3,4,1000000,28,4,33.069258
3,4,1000000,28,4,33.126595
3,4,1000000,28,8,33.168463
3,4,1000000,28,8,33.198186
3,4,1000000,28,8,33.161304
3,4,1000000,28,8,32.953361
3,4,1000000,28,8,33.134052
3,4,1000000,28,16,33.144590
3,4,1000000,28,16,33.140241
3,4,1000000,28,16,33.144310
3,4,1000000,28,16,33.193136
3,4,1000000,28,16,33.140143
3,16,100000,20,1,0.184959
3,16,100000,20,1,0.184987
3,16,100000,20,1,0.183652
3,16,100000,20,1,0.184352
3,16,100000,20,1,0.183891
3,16,100000,20,2,0.101663
3,16,100000,20,2,0.102002
3,16,100000,20,2,0.106870
3,16,100000,20,2,0.115565
3,16,100000,20,2,0.100781
3,16,100000,20,4,0.092740
3,16,100000,20,4,0.081111
3,16,100000,20,4,0.078883
3,16,100000,20,4,0.079176
3,16,100000,20,4,0.079789
3,16,100000,20,8,0.080926
3,16,100000,20,8,0.079263
3,16,100000,20,8,0.079523
3,16,100000,20,8,0.079612
3,16,100000,20,8,0.079386
3,16,100000,20,16,0.081684
3,16,100000,20,16,0.080366
3,16,100000,20,16,0.081717
3,16,100000,20,16,0.079131
3,16,100000,20,16,0.078990
3,16,100000,24,1,1.004678
3,16,100000,24,1,1.066067
3,16,100000,24,1,0.885914
3,16,100000,24,1,0.885868
3,16,100000,24,1,0.887727
3,16,100000,24,2,0.519021
3,16,100000,24,2,0.570635
3,16,100000,24,2,0.565832
3,16,100000,24,2,0.498608
3,16,100000,24,2,0.484515
3,16,100000,24,4,0.470005
3,16,100000,24,4,0.518526
3,16,100000,24,4,0.562037
3,16,100000,24,4,0.549936
3,16,100000,24,4,0.549479
3,16,100000,24,8,0.549005
3,16,100000,24,8,0.564898
3,16,100000,24,8,0.549270
3,16,100000,24,8,0.552829
3,16,100000,24,8,0.550220
3,16,100000,24,16,0.550113
3,16,100000,24,16,0.554104
3,16,100000,24,16,0.558643
3,16,100000,24,16,0.558499
3,16,100000,24,16,0.551388
3,16,100000,28,1,5.356793
3,16,100000,28,1,5.374190
3,16,100000,28,1,5.924666
3,16,100000,28,1,5.914646
3,16,100000,28,1,5.430616
3,16,100000,28,2,3.166979
3,16,100000,28,2,3.102482
3,16,100000,28,2,3.205094
3,16,100000,28,2,3.222859
3,16,100000,28,2,3.092947
3,16,100000,28,4,3.306236
3,16,100000,28,4,3.311913
3,16,100000,28,4,3.326914
3,16,100000,28,4,3.785922
3,16,100000,28,4,3.329010
3,16,100000,28,8,3.368835
3,16,100000,28,8,3.323191
3,16,100000,28,8,3.316648
3,16,100000,28,8,3.324571
3,16,100000,28,8,3.329239
3,16,100000,28,16,3.314530
3,16,100000,28,16,3.321855
3,16,100000,28,16,3.312916
3,16,100000,28,16,3.312855
3,16,100000,28,16,3.333354
3,16,500000,20,1,0.835055
3,16,500000,20,1,0.765199
3,16,500000,20,1,0.736468
3,16,500000,20,1,0.736545
3,16,500000,20,1,0.739763
3,16,500000,20,2,0.388913
3,16,500000,20,2,0.396206
3,16,500000,20,2,0.401110
3,16,500000,20,2,0.457981
3,16,500000,20,2,0.469331
3,16,500000,20,4,0.454190
3,16,500000,20,4,0.454348
3,16,500000,20,4,0.455432
3,16,500000,20,4,0.454261
3,16,500000,20,4,0.455352
3,16,500000,20,8,0.461819
3,16,500000,20,8,0.469715
3,16,500000,20,8,0.470672
3,16,500000,20,8,0.398923
3,16,500000,20,8,0.392671
3,16,500000,20,16,0.390292
3,16,500000,20,16,0.391228
3,16,500000,20,16,0.455902
3,16,500000,20,16,0.458330
3,16,500000,20,16,0.459515
3,16,500000,24,1,4.438874
3,16,500000,24,1,4.712717
3,16,500000,24,1,4.425501
3,16,500000,24,1,4.716989
3,16,500000,24,1,4.421882
3,16,500000,24,2,2.580071
3,16,500000,24,2,2.665136
3,16,500000,24,2,2.514685
3,16,500000,24,2,2.750113
3,16,500000,24,2,2.648156
3,16,500000,24,4,2.603280
3,16,500000,24,4,2.741443
3,16,500000,24,4,2.732076
3,16,500000,24,4,2.744660
3,16,500000,24,4,2.730496
3,16,500000,24,8,2.740060
3,16,500000,24,8,2.731704
3,16,500000,24,8,2.747361
3,16,500000,24,8,2.741635
3,16,500000,24,8,2.742967
3,16,500000,24,16,2.733606
3,16,500000,24,16,2.748401
3,16,500000,24,16,2.742974
3,16,500000,24,16,2.734690
3,16,500000,24,16,2.760320
3,16,500000,28,1,28.793217
3,16,500000,28,1,26.915686
3,16,500000,28,1,29.091015
3,16,500000,28,1,28.833971
3,16,500000,28,1,29.714148
3,16,500000,28,2,15.322564
3,16,500000,28,2,15.543848
3,16,500000,28,2,16.077200
3,16,500000,28,2,15.996674
3,16,500000,28,2,16.021262
3,16,500000,28,4,16.264643
3,16,500000,28,4,16.605269
3,16,500000,28,4,16.560346
3,16,500000,28,4,16.513820
3,16,500000,28,4,16.555208
3,16,500000,28,8,16.558234
3,16,500000,28,8,16.657372
3,16,500000,28,8,16.611547
3,16,500000,28,8,16.560465
3,16,500000,28,8,16.583573
3,16,500000,28,16,16.569238
3,16,500000,28,16,16.570751
3,16,500000,28,16,16.569542
3,16,500000,28,16,16.560860
3,16,500000,28,16,16.566430
3,16,1000000,20,1,1.515637
3,16,1000000,20,1,1.472815
3,16,1000000,20,1,1.474395
3,16,1000000,20,1,1.471430
3,16,1000000,20,1,1.502678
3,16,1000000,20,2,0.866232
3,16,1000000,20,2,0.964388
3,16,1000000,20,2,0.824024
3,16,1000000,20,2,0.783832
3,16,1000000,20,2,0.927074
3,16,1000000,20,4,0.908161
3,16,1000000,20,4,0.912085
3,16,1000000,20,4,0.912166
3,16,1000000,20,4,0.908302
3,16,1000000,20,4,0.908474
3,16,1000000,20,8,0.908621
3,16,1000000,20,8,0.910333
3,16,1000000,20,8,0.922291
3,16,1000000,20,8,0.909740
3,16,1000000,20,8,0.928997
3,16,1000000,20,16,0.912529
3,16,1000000,20,16,0.908414
3,16,1000000,20,16,0.921171
3,16,1000000,20,16,0.912094
3,16,1000000,20,16,0.911728
3,16,1000000,24,1,8.957269
3,16,1000000,24,1,8.821417
3,16,1000000,24,1,8.832669
3,16,1000000,24,1,9.737226
3,16,1000000,24,1,8.841407
3,16,1000000,24,2,5.041683
3,16,1000000,24,2,5.254845
3,16,1000000,24,2,5.151399
3,16,1000000,24,2,5.166957
3,16,1000000,24,2,5.185560
3,16,1000000,24,4,5.480838
3,16,1000000,24,4,5.467583
3,16,1000000,24,4,5.476121
3,16,1000000,24,4,5.460025
3,16,1000000,24,4,5.479882
3,16,1000000,24,8,5.520979
3,16,1000000,24,8,5.205754
3,16,1000000,24,8,5.502654
3,16,1000000,24,8,5.226890
3,16,1000000,24,8,5.481794
3,16,1000000,24,16,5.478497
3,16,1000000,24,16,5.482433
3,16,1000000,24,16,5.474568
3,16,1000000,24,16,5.480735
3,16,1000000,24,16,5.469520
3,16,1000000,28,1,57.077039
3,16,1000000,28,1,59.119656
3,16,1000000,28,1,55.249386
3,16,1000000,28,1,59.120915
3,16,1000000,28,1,58.202313
3,16,1000000,28,2,30.695852
3,16,1000000,28,2,31.758034
3,16,1000000,28,2,32.012963
3,16,1000000,28,2,32.310625
3,16,1000000,28,2,32.176136
3,16,1000000,28,4,33.078302
3,16,1000000,28,4,33.039296
3,16,1000000,28,4,33.075347
3,16,1000000,28,4,33.034743
3,16,1000000,28,4,33.121241
3,16,1000000,28,8,32.831413
3,16,1000000,28,8,33.163785
3,16,1000000,28,8,32.874886
3,16,1000000,28,8,33.171826
3,16,1000000,28,8,33.104511
3,16,1000000,28,16,33.138579
3,16,1000000,28,16,33.127018
3,16,1000000,28,16,33.119174
3,16,1000000,28,16,33.185683
3,16,1000000,28,16,33.121867
3,64,100000,20,1,0.186455
3,64,100000,20,1,0.184701
3,64,100000,20,1,0.184438
3,64,100000,20,1,0.183679
3,64,100000,20,1,0.150340
3,64,100000,20,2,0.085483
3,64,100000,20,2,0.084407
3,64,100000,20,2,0.092718
3,64,100000,20,2,0.085792
3,64,100000,20,2,0.084064
3,64,100000,20,4,0.083572
3,64,100000,20,4,0.079916
3,64,100000,20,4,0.081373
3,64,100000,20,4,0.079793
3,64,100000,20,4,0.079666
3,64,100000,20,8,0.079298
3,64,100000,20,8,0.084319
3,64,100000,20,8,0.079726
3,64,100000,20,8,0.080867
3,64,100000,20,8,0.079431
3,64,100000,20,16,0.080917
3,64,100000,20,16,0.083253
3,64,100000,20,16,0.094483
3,64,100000,20,16,0.093497
3,64,100000,20,16,0.094755
3,64,100000,24,1,1.101126
3,64,100000,24,1,0.900562
3,64,100000,24,1,0.884164
3,64,100000,24,1,0.882709
3,64,100000,24,1,0.885101
3,64,100000,24,2,0.480347
3,64,100000,24,2,0.476761
3,64,100000,24,2,0.534964
3,64,100000,24,2,0.561327
3,64,100000,24,2,0.563506
3,64,100000,24,4,0.547153
3,64,100000,24,4,0.547852
3,64,100000,24,4,0.551926
3,64,100000,24,4,0.548197
3,64,100000,24,4,0.548637
3,64,100000,24,8,0.546680
3,64,100000,24,8,0.556467
3,64,100000,24,8,0.558247
3,64,100000,24,8,0.560012
3,64,100000,24,8,0.559418
3,64,100000,24,16,0.548433
3,64,100000,24,16,0.563594
3,64,100000,24,16,0.556002
3,64,100000,24,16,0.551824
3,64,100000,24,16,0.550541
3,64,100000,28,1,5.506111
3,64,100000,28,1,5.932047
3,64,100000,28,1,5.349286
3,64,100000,28,1,5.335834
3,64,100000,28,1,5.341779
3,64,100000,28,2,3.078700
3,64,100000,28,2,3.209735
3,64,100000,28,2,3.161998
3,64,100000,28,2,3.268947
3,64,100000,28,2,3.071474
3,64,100000,28,4,3.302702
3,64,100000,28,4,3.316721
3,64,100000,28,4,3.302928
3,64,100000,28,4,3.302629
3,64,100000,28,4,3.325261
3,64,100000,28,8,3.307457
3,64,100000,28,8,3.324058
3,64,100000,28,8,3.363525
3,64,100000,28,8,3.303749
3,64,100000,28,8,3.327357
3,64,100000,28,16,3.325624
3,64,100000,28,16,3.308617
3,64,100000,28,16,3.322886
3,64,100000,28,16,3.321340
3,64,100000,28,16,3.312667
3,64,500000,20,1,0.903239
3,64,500000,20,1,0.736680
3,64,500000,20,1,0.736490
3,64,500000,20,1,0.733700
3,64,500000,20,1,0.734619
3,64,500000,20,2,0.394712
3,64,500000,20,2,0.388259
3,64,500000,20,2,0.399957
3,64,500000,20,2,0.415253
3,64,500000,20,2,0.469678
3,64,500000,20,4,0.456248
3,64,500000,20,4,0.454881
3,64,500000,20,4,0.455725
3,64,500000,20,4,0.455424
3,64,500000,20,4,0.454281
3,64,500000,20,8,0.458819
3,64,500000,20,8,0.458795
3,64,500000,20,8,0.468625
3,64,500000,20,8,0.446290
3,64,500000,20,8,0.390984
3,64,500000,20,16,0.389508
3,64,500000,20,16,0.389473
3,64,500000,20,16,0.401385
3,64,500000,20,16,0.455025
3,64,500000,20,16,0.455566
3,64,500000,24,1,4.511438
3,64,500000,24,1,4.411557
3,64,500000,24,1,4.725604
3,64,500000,24,1,4.575475
3,64,500000,24,1,4.433208
3,64,500000,24,2,2.647048
3,64,500000,24,2,2.529794
3,64,500000,24,2,2.578431
3,64,500000,24,2,2.679750
3,64,500000,24,2,2.775892
3,64,500000,24,4,2.738067
3,64,500000,24,4,2.735207
3,64,500000,24,4,2.756992
3,64,500000,24,4,2.735145
3,64,500000,24,4,2.759253
3,64,500000,24,8,2.743602
3,64,500000,24,8,2.752678
3,64,500000,24,8,2.777667
3,64,500000,24,8,2.741984
3,64,500000,24,8,2.788778
3,64,500000,24,16,2.739947
3,64,500000,24,16,2.746014
3,64,500000,24,16,2.745704
3,64,500000,24,16,2.755827
3,64,500000,24,16,2.739677
3,64,500000,28,1,29.682459
3,64,500000,28,1,29.725126
3,64,500000,28,1,27.317219
3,64,500000,28,1,29.572354
3,64,500000,28,1,29.311910
3,64,500000,28,2,15.324090
3,64,500000,28,2,15.812493
3,64,500000,28,2,15.966301
3,64,500000,28,2,16.176696
3,64,500000,28,2,16.454411
3,64,500000,28,4,16.286950
3,64,500000,28,4,16.542573
3,64,500000,28,4,16.532353
3,64,500000,28,4,16.555114
3,64,500000,28,4,16.547045
3,64,500000,28,8,16.559627
3,64,500000,28,8,16.590511
3,64,500000,28,8,16.632455
3,64,500000,28,8,16.569673
3,64,500000,28,8,16.692554
3,64,500000,28,16,16.588390
3,64,500000,28,16,16.585457
3,64,500000,28,16,16.596018
3,64,500000,28,16,16.604348
3,64,500000,28,16,16.591415
3,64,1000000,20,1,1.540788
3,64,1000000,20,1,1.472769
3,64,1000000,20,1,1.469092
3,64,1000000,20,1,1.735910
3,64,1000000,20,1,1.509698
3,64,1000000,20,2,0.903851
3,64,1000000,20,2,0.903160
3,64,1000000,20,2,0.787559
3,64,1000000,20,2,0.819819
3,64,1000000,20,2,0.965232
3,64,1000000,20,4,0.938717
3,64,1000000,20,4,0.909128
3,64,1000000,20,4,0.910039
3,64,1000000,20,4,0.909823
3,64,1000000,20,4,0.915318
3,64,1000000,20,8,0.908413
3,64,1000000,20,8,0.917840
3,64,1000000,20,8,0.914482
3,64,1000000,20,8,0.915222
3,64,1000000,20,8,0.915024
3,64,1000000,20,16,0.928250
3,64,1000000,20,16,0.917575
3,64,1000000,20,16,0.910770
3,64,1000000,20,16,0.910411
3,64,1000000,20,16,0.916406
3,64,1000000,24,1,9.817274
3,64,1000000,24,1,8.853305
3,64,1000000,24,1,8.834624
3,64,1000000,24,1,9.143104
3,64,1000000,24,1,9.739567
3,64,1000000,24,2,5.034303
3,64,1000000,24,2,5.280394
3,64,1000000,24,2,5.176813
3,64,1000000,24,2,5.375459
3,64,1000000,24,2,5.268194
3,64,1000000,24,4,5.473689
3,64,1000000,24,4,5.493193
3,64,1000000,24,4,5.480103
3,64,1000000,24,4,5.469893
3,64,1000000,24,4,5.484949
3,64,1000000,24,8,5.478200
3,64,1000000,24,8,5.492717
3,64,1000000,24,8,5.511137
3,64,1000000,24,8,5.481076
3,64,1000000,24,8,5.523879
3,64,1000000,24,16,5.479893
3,64,1000000,24,16,5.491007
3,64,1000000,24,16,5.496545
3,64,1000000,24,16,5.489069
3,64,1000000,24,16,5.481873
3,64,1000000,28,1,54.878118
3,64,1000000,28,1,53.409843
3,64,1000000,28,1,53.439758
3,64,1000000,28,1,54.130267
3,64,1000000,28,1,59.269950
3,64,1000000,28,2,31.226439
3,64,1000000,28,2,32.623981
3,64,1000000,28,2,32.586574
3,64,1000000,28,2,32.591991
3,64,1000000,28,2,43.789935
3,64,1000000,28,4,36.289057
3,64,1000000,28,4,39.957138
3,64,1000000,28,4,32.785403
3,64,1000000,28,4,33.072952
3,64,1000000,28,4,32.810965
3,64,1000000,28,8,33.126845
3,64,1000000,28,8,33.171032
3,64,1000000,28,8,32.903906
3,64,1000000,28,8,33.169612
3,64,1000000,28,8,33.114447
3,64,1000000,28,16,33.163429
3,64,1000000,28,16,33.345966
3,64,1000000,28,16,33.171715
3,64,1000000,28,16,33.252621
3,64,1000000,28,16,33.149231
